grp_dynamicFilter_32_32_s_fu_36,e_v_strm_U,,chan_status1.csv
grp_dynamicFilter_32_32_s_fu_36,e_p_strm_U,,chan_status2.csv
grp_dynamicFilter_32_32_s_fu_36,cmpvc_cfg_strms_0_U,,chan_status3.csv
grp_dynamicFilter_32_32_s_fu_36,cmpvc_cfg_strms_1_U,,chan_status4.csv
grp_dynamicFilter_32_32_s_fu_36,cmpvc_cfg_strms_2_U,,chan_status5.csv
grp_dynamicFilter_32_32_s_fu_36,cmpvc_cfg_strms_3_U,,chan_status6.csv
grp_dynamicFilter_32_32_s_fu_36,cmpvv_cfg_strms_U,,chan_status7.csv
grp_dynamicFilter_32_32_s_fu_36,cmpvv_cfg_strms_1_U,,chan_status8.csv
grp_dynamicFilter_32_32_s_fu_36,cmpvv_cfg_strms_2_U,,chan_status9.csv
grp_dynamicFilter_32_32_s_fu_36,cmpvv_cfg_strms_3_U,,chan_status10.csv
grp_dynamicFilter_32_32_s_fu_36,cmpvv_cfg_strms_4_U,,chan_status11.csv
grp_dynamicFilter_32_32_s_fu_36,cmpvv_cfg_strms_5_U,,chan_status12.csv
grp_dynamicFilter_32_32_s_fu_36,tt_cfg_strm_U,,chan_status13.csv
grp_dynamicFilter_32_32_s_fu_36,addr_strm_U,,chan_status14.csv
grp_dynamicFilter_32_32_s_fu_36,e_addr_strm_U,,chan_status15.csv
grp_dynamicFilter_32_32_s_fu_36,b_strm_U,,chan_status16.csv
grp_dynamicFilter_32_32_s_fu_36,e_b_strm_U,,chan_status17.csv
