grp_dynamicFilter_32_32_s_fu_36,broadcast_U0,,status1.csv
grp_dynamicFilter_32_32_s_fu_36,parse_filter_config_4_32_U0,,status2.csv
grp_dynamicFilter_32_32_s_fu_36,compare_ops_32_U0,,status3.csv
grp_dynamicFilter_32_32_s_fu_36,true_table_4_U0,,status4.csv
grp_dynamicFilter_32_32_s_fu_36,pred_pass_32_U0,,status5.csv
,AESL_inst_filter_dut,,module_status1.csv
,grp_dynamicFilter_32_32_s_fu_36,,module_status2.csv
grp_dynamicFilter_32_32_s_fu_36.broadcast_U0,grp_broadcast_Pipeline_VITIS_LOOP_88_1_fu_48,,module_status3.csv
grp_dynamicFilter_32_32_s_fu_36.parse_filter_config_4_32_U0,grp_parse_filter_config_4_32_Pipeline_VITIS_LOOP_419_1_fu_42,,module_status4.csv
grp_dynamicFilter_32_32_s_fu_36.parse_filter_config_4_32_U0,grp_parse_filter_config_4_32_Pipeline_VITIS_LOOP_445_4_fu_56,,module_status5.csv
grp_dynamicFilter_32_32_s_fu_36.parse_filter_config_4_32_U0,grp_parse_filter_config_4_32_Pipeline_VITIS_LOOP_467_5_fu_74,,module_status6.csv
grp_dynamicFilter_32_32_s_fu_36.compare_ops_32_U0,grp_compare_ops_32_Pipeline_FILTER_MAIN_LOOP_fu_148,,module_status7.csv
grp_dynamicFilter_32_32_s_fu_36.compare_ops_32_U0.grp_compare_ops_32_Pipeline_FILTER_MAIN_LOOP_fu_148,bv0c_var_const_cmp_32_s_fu_294,,module_status8.csv
grp_dynamicFilter_32_32_s_fu_36.compare_ops_32_U0.grp_compare_ops_32_Pipeline_FILTER_MAIN_LOOP_fu_148,bv1c_var_const_cmp_32_s_fu_304,,module_status9.csv
grp_dynamicFilter_32_32_s_fu_36.compare_ops_32_U0.grp_compare_ops_32_Pipeline_FILTER_MAIN_LOOP_fu_148,bv2c_var_const_cmp_32_s_fu_314,,module_status10.csv
grp_dynamicFilter_32_32_s_fu_36.compare_ops_32_U0.grp_compare_ops_32_Pipeline_FILTER_MAIN_LOOP_fu_148,bv3c_var_const_cmp_32_s_fu_324,,module_status11.csv
grp_dynamicFilter_32_32_s_fu_36.compare_ops_32_U0.grp_compare_ops_32_Pipeline_FILTER_MAIN_LOOP_fu_148,bv0v1_var_var_cmp_32_s_fu_334,,module_status12.csv
grp_dynamicFilter_32_32_s_fu_36.compare_ops_32_U0.grp_compare_ops_32_Pipeline_FILTER_MAIN_LOOP_fu_148,bv0v2_var_var_cmp_32_s_fu_343,,module_status13.csv
grp_dynamicFilter_32_32_s_fu_36.compare_ops_32_U0.grp_compare_ops_32_Pipeline_FILTER_MAIN_LOOP_fu_148,bv0v3_var_var_cmp_32_s_fu_352,,module_status14.csv
grp_dynamicFilter_32_32_s_fu_36.compare_ops_32_U0.grp_compare_ops_32_Pipeline_FILTER_MAIN_LOOP_fu_148,bv1v2_var_var_cmp_32_s_fu_361,,module_status15.csv
grp_dynamicFilter_32_32_s_fu_36.compare_ops_32_U0.grp_compare_ops_32_Pipeline_FILTER_MAIN_LOOP_fu_148,bv1v3_var_var_cmp_32_s_fu_370,,module_status16.csv
grp_dynamicFilter_32_32_s_fu_36.compare_ops_32_U0.grp_compare_ops_32_Pipeline_FILTER_MAIN_LOOP_fu_148,bv2v3_var_var_cmp_32_s_fu_379,,module_status17.csv
grp_dynamicFilter_32_32_s_fu_36.true_table_4_U0,grp_true_table_4_Pipeline_VITIS_LOOP_318_1_TRUE_TABLE_INIT32_fu_52,,module_status18.csv
grp_dynamicFilter_32_32_s_fu_36.true_table_4_U0,grp_true_table_4_Pipeline_TRUE_TABLE_READ_fu_60,,module_status19.csv
grp_dynamicFilter_32_32_s_fu_36.pred_pass_32_U0,grp_pred_pass_32_Pipeline_FILTER_PRED_PASS_fu_52,,module_status20.csv
